{
    "training_result_id": 43,
    "epoch_losses": [
        0.21474129813058035,
        0.35764396616390776,
        0.2627705293042319,
        0.14305328045572555,
        0.27459227400166647,
        0.11934423233781542,
        0.06725627822535378,
        0.12720675766468048,
        0.0479352559362139,
        0.04062900372913906
    ],
    "final_loss": 0.04062900372913906,
    "model_path": "files\\models\\FAST_R_CNN_scenes_1_2.pth"
}