{
    "epoch_losses": [
        0.5447655141353607,
        0.363973593711853,
        0.40169219970703124,
        0.21892357468605042,
        0.20082279443740844,
        0.20156147480010986,
        0.18310623168945311,
        0.1741509661078453,
        0.1086140215396881,
        0.12409073561429977
    ],
    "final_loss": 0.12409073561429977,
    "model_path": "files\\models\\FAST_R_CNN_1.pth"
}