{
    "training_result_id": 64,
    "epoch_losses": [
        0.6811481565237045,
        0.37633416429162025,
        0.3074152357876301,
        0.27125656604766846,
        0.23859474807977676,
        0.20576774515211582,
        0.1625713724642992,
        0.15109139494597912,
        0.125779515132308,
        0.11564121767878532
    ],
    "final_loss": 0.11564121767878532,
    "accuracy": 0.8888888888888888,
    "model_path": "files\\models\\FAST_R_CNN_scenes_1.pth"
}