{
    "training_result_id": 51,
    "epoch_losses": [
        0.42301141023635863,
        0.3454002976417542,
        0.21253148317337037,
        0.2247999906539917,
        0.18655980229377747,
        0.15744859278202056,
        0.1145117774605751,
        0.11992106586694717,
        0.09930469840765,
        0.12374654412269592
    ],
    "final_loss": 0.12374654412269592,
    "model_path": "files\\models\\FAST_R_CNN_scenes_1.pth"
}