{
    "training_result_id": 60,
    "epoch_losses": [
        0.2648036241531372,
        0.12093368768692017,
        0.0,
        0.0,
        0.15215343236923218,
        0.1048345685005188,
        0.13175886869430542,
        0.17154438495635987,
        0.15721088647842407,
        0.15126727819442748
    ],
    "final_loss": 0.15126727819442748,
    "accuracy": 1.0,
    "model_path": "files\\models\\FAST_R_CNN_scenes_2_1.pth"
}