{
    "training_result_id": 38,
    "epoch_losses": [
        0.515734589099884,
        0.40834158658981323,
        0.2571187198162079,
        0.2399147182703018,
        0.16450838148593902,
        0.22243659496307372,
        0.1308819591999054,
        0.10519050508737564,
        0.11079763770103454,
        0.0670612558722496
    ],
    "final_loss": 0.0670612558722496,
    "model_path": "files\\models\\FAST_R_CNN_scenes_1.pth"
}