{
    "training_result_id": 58,
    "epoch_losses": [
        0.5639172941446304,
        0.49105848371982574,
        0.38298285007476807,
        0.2366134114563465,
        0.19754259288311005,
        0.20506372675299644,
        0.1675843484699726,
        0.12698182463645935,
        0.12011543847620487,
        0.10147501714527607
    ],
    "final_loss": 0.10147501714527607,
    "accuracy": 0.8888888888888888,
    "model_path": "files\\models\\FAST_R_CNN_scenes_1.pth"
}