{
    "training_result_id": 61,
    "epoch_losses": [
        0.2538245916366577,
        0.0,
        0.0,
        0.2059093713760376,
        0.0,
        0.0,
        0.0,
        0.0,
        0.1847933053970337,
        0.09083192348480225
    ],
    "final_loss": 0.09083192348480225,
    "accuracy": 1.0,
    "model_path": "files\\models\\FAST_R_CNN_scenes_2_1.pth"
}