{
    "training_result_id": 42,
    "epoch_losses": [
        0.32046841084957123,
        0.25361184988703045,
        0.12838679126330785,
        0.1898492638553892,
        0.22146775041307723,
        0.04243628467832293,
        0.08157847608838763,
        0.12806239298411778,
        0.07243912028414863,
        0.0727229927267347
    ],
    "final_loss": 0.0727229927267347,
    "model_path": "files\\models\\FAST_R_CNN_scenes_1_2.pth"
}