{
    "training_result_id": 24,
    "epoch_losses": [
        0.29123485939843313,
        0.18009563429015024,
        0.07013953157833644,
        0.21689578890800476,
        0.11515841313770839,
        0.07674868191991534,
        0.19699672290257045,
        0.08315585766519819,
        0.08688116499355861,
        0.051372404609407694
    ],
    "final_loss": 0.051372404609407694,
    "model_path": "files\\models\\FAST_R_CNN_scenes_1_2.pth"
}