{
    "training_result_id": 59,
    "epoch_losses": [
        0.6625882834196091,
        0.4324687048792839,
        0.30366703122854233,
        0.30585233122110367,
        0.2523885816335678,
        0.19854652136564255,
        0.16480802744627,
        0.11644996888935566,
        0.14421378448605537,
        0.08622311428189278
    ],
    "final_loss": 0.08622311428189278,
    "accuracy": 0.8888888888888888,
    "model_path": "files\\models\\FAST_R_CNN_scenes_1.pth"
}