{
    "training_result_id": 25,
    "epoch_losses": [
        0.4865020990371704,
        0.4461029887199402,
        0.25294151306152346,
        0.20392809808254242,
        0.25555804669857024,
        0.1869364231824875,
        0.1458640605211258,
        0.09772761166095734,
        0.10191000998020172,
        0.09463634639978409
    ],
    "final_loss": 0.09463634639978409,
    "model_path": "files\\models\\FAST_R_CNN_scenes_1.pth"
}