{
    "training_result_id": 40,
    "epoch_losses": [
        0.21339555861371937,
        0.15236885023839547,
        0.13361723612655294,
        0.12240036398623928,
        0.1044510264401183,
        0.1090337882552183,
        0.10017997716751062,
        0.07963776151564989,
        0.0957143900746649,
        0.08053697905870098
    ],
    "final_loss": 0.08053697905870098,
    "model_path": "files\\models\\FAST_R_CNN_scenes_3.pth"
}