{
    "training_result_id": 5,
    "epoch_losses": [
        0.7345006823539734,
        0.4278707802295685,
        0.26587523221969606,
        0.3040508270263672,
        0.22467843890190126,
        0.14499852061271667,
        0.11210924983024598,
        0.09534537941217422,
        0.11689969003200532,
        0.06271440535783768
    ],
    "final_loss": 0.06271440535783768,
    "model_path": "files\\models\\FAST_R_CNN_1.pth"
}