{
    "epoch_losses": [
        0.516673481464386,
        0.3478423297405243,
        0.27100507616996766,
        0.26247541308403016,
        0.24201590418815613,
        0.19931240677833556,
        0.11847698390483856,
        0.11131077110767365,
        0.08947916626930237,
        0.07488132268190384
    ],
    "final_loss": 0.07488132268190384,
    "model_path": "files\\models\\FAST_R_CNN_1.pth"
}